{"text": " Hey Nova, it's Deva speaking. Am I audible?", "segments": [{"id": 0, "seek": 0, "start": 0.0, "end": 6.84, "text": " Hey Nova, it's Deva speaking. Am I audible?", "tokens": [50365, 1911, 27031, 11, 309, 311, 1346, 2757, 4124, 13, 2012, 286, 41317, 30, 50707], "temperature": 0.0, "avg_logprob": -0.4946739375591278, "compression_ratio": 0.8431372549019608, "no_speech_prob": 1.805043094160741e-11}], "language": "en"}